{
    "rate.mg.per.L.per.h": {
        "all": [
            -0.0002503030895968372,
            0.06807923783685765,
            -0.41886999139831826,
            -0.029303957193330454,
            0.1560235556642383
        ],
        "mean": -0.04486429163602992,
        "std": 0.19759805843145212
    }
}