{
    "rate.mg.per.L.per.h": {
        "all": [
            -0.05303808101225993,
            0.05956989366490395,
            -0.6556453221481651,
            0.15813455608786642,
            0.2491914442863079
        ],
        "mean": -0.048357501824269344,
        "std": 0.3198884407241574
    }
}