{
    "rate.mg.per.L.per.h": {
        "all": [
            -0.043873394819565315,
            0.042418367605893015,
            -0.5391858451223566,
            0.14980931463091351,
            0.21479122120709682
        ],
        "mean": -0.035208067299603706,
        "std": 0.2671425191565749
    }
}